filename,category,media_type,source_path,thumbnail_path,capture_date,dominant_hex,dominant_weight,dominant_hue,color1_hex,color1_weight,color2_hex,color2_weight,color3_hex,color3_weight,color4_hex,color4_weight,color5_hex,color5_weight,color6_hex,color6_weight
004B6FDB-2020-4B28-9148-473DD492E302.JPG,sky,photo,media/sky/004B6FDB-2020-4B28-9148-473DD492E302.JPG,thumbnails/004B6FDB-2020-4B28-9148-473DD492E302.jpg,2026:08:24 12:36:32,#e27844,0.083,19.7,#271a19,0.251,#7876ab,0.23,#987799,0.229,#503e3a,0.121,#c6777d,0.086,#e27844,0.083
1458B91D-2043-497C-909D-9DA6110DA2D4.JPG,sky,photo,media/sky/1458B91D-2043-497C-909D-9DA6110DA2D4.JPG,thumbnails/1458B91D-2043-497C-909D-9DA6110DA2D4.jpg,2026:08:24 12:36:34,#6787cf,0.191,221.5,#6a3c2c,0.256,#6787cf,0.191,#aa5b3d,0.159,#837180,0.146,#1e1916,0.145,#84aae8,0.103
15C29667-4314-4AB4-A0BB-5E912B4A4A78.JPG,sky,photo,media/sky/15C29667-4314-4AB4-A0BB-5E912B4A4A78.JPG,thumbnails/15C29667-4314-4AB4-A0BB-5E912B4A4A78.jpg,2026:08:24 12:36:36,#3f432e,0.251,71.4,#3f432e,0.251,#1e2114,0.19,#858782,0.178,#5f6251,0.178,#9fa8b5,0.121,#ccd8e6,0.082
26382721-2E69-4790-AB59-41B12C48439E.JPG,sky,photo,media/sky/26382721-2E69-4790-AB59-41B12C48439E.JPG,thumbnails/26382721-2E69-4790-AB59-41B12C48439E.jpg,2026:08:24 12:36:42,#e08b6e,0.151,15.3,#444078,0.205,#7c576b,0.196,#ac706d,0.187,#0f0a16,0.153,#e08b6e,0.151,#231c2e,0.108
2D2A1674-D09E-46AB-9CF1-C795919F0C3C.JPG,sky,photo,media/sky/2D2A1674-D09E-46AB-9CF1-C795919F0C3C.JPG,thumbnails/2D2A1674-D09E-46AB-9CF1-C795919F0C3C.jpg,2026:08:24 12:36:34,#797033,0.149,52.3,#bba5a5,0.338,#d9b7af,0.228,#797033,0.149,#4e501f,0.13,#24280d,0.102,#e4e2e2,0.053
428C883B-682D-4AA3-BB9F-3225B720417B.JPG,sky,photo,media/sky/428C883B-682D-4AA3-BB9F-3225B720417B.JPG,thumbnails/428C883B-682D-4AA3-BB9F-3225B720417B.jpg,2026:08:24 12:36:32,#e3cbae,0.13,32.8,#14100b,0.347,#b6b8b6,0.223,#332d26,0.16,#e3cbae,0.13,#59544c,0.108,#9c8b74,0.032
49FE6817-DBCE-46CC-BE2E-FEA3E6DC0324.JPG,sky,photo,media/sky/49FE6817-DBCE-46CC-BE2E-FEA3E6DC0324.JPG,thumbnails/49FE6817-DBCE-46CC-BE2E-FEA3E6DC0324.jpg,2026:08:24 12:36:31,#e6a157,0.088,31.0,#adb8c6,0.356,#3e2522,0.183,#684540,0.171,#d4c29f,0.136,#e6a157,0.088,#a55d42,0.067
4A6D1318-05FE-434D-981E-E58FF28EFACA.JPG,sky,photo,media/sky/4A6D1318-05FE-434D-981E-E58FF28EFACA.JPG,thumbnails/4A6D1318-05FE-434D-981E-E58FF28EFACA.jpg,2026:08:24 12:36:34,#987e68,0.118,27.5,#9c9c9e,0.293,#3e342b,0.197,#221911,0.148,#b7afa4,0.147,#987e68,0.118,#6b5949,0.097
4BC98F5C-A73B-499A-A73B-EB6DA57E5B75.JPG,sky,photo,media/sky/4BC98F5C-A73B-499A-A73B-EB6DA57E5B75.JPG,thumbnails/4BC98F5C-A73B-499A-A73B-EB6DA57E5B75.jpg,2026:08:24 12:36:34,#85819e,0.3,248.3,#85819e,0.3,#6b6581,0.204,#534666,0.162,#030402,0.146,#322645,0.145,#444e11,0.043
6C9D3D11-FA9E-429B-8AFF-7E094E806DF7.JPG,sky,photo,media/sky/6C9D3D11-FA9E-429B-8AFF-7E094E806DF7.JPG,thumbnails/6C9D3D11-FA9E-429B-8AFF-7E094E806DF7.jpg,2019:02:14 18:03:59,#b6aa9d,0.262,31.2,#15130d,0.342,#b6aa9d,0.262,#96908f,0.176,#a97e62,0.085,#c69d73,0.071,#7a6763,0.066
911A9A6A-3EE0-4811-8BB1-DC59CCF93F21.JPG,sky,photo,media/sky/911A9A6A-3EE0-4811-8BB1-DC59CCF93F21.JPG,thumbnails/911A9A6A-3EE0-4811-8BB1-DC59CCF93F21.jpg,2026:08:24 12:36:37,#b8747e,0.181,351.2,#956e7f,0.229,#6a6885,0.221,#b8747e,0.181,#0d0b0c,0.168,#2d272b,0.113,#524650,0.088
969F6CE9-B260-4FB8-9201-E16D44ED3021.JPG,sky,photo,media/sky/969F6CE9-B260-4FB8-9201-E16D44ED3021.JPG,thumbnails/969F6CE9-B260-4FB8-9201-E16D44ED3021.jpg,2026:08:24 12:36:32,#567ab4,0.32,217.0,#567ab4,0.32,#4b5e77,0.21,#76808f,0.177,#93a6bf,0.147,#cdcbc9,0.076,#182432,0.07
9ED78B4A-5361-428D-AE03-331C71A4623C.JPG,sky,photo,media/sky/9ED78B4A-5361-428D-AE03-331C71A4623C.JPG,thumbnails/9ED78B4A-5361-428D-AE03-331C71A4623C.jpg,2026:08:24 12:36:40,#505786,0.347,232.2,#505786,0.347,#454543,0.214,#6e5a6d,0.207,#d86347,0.108,#11130d,0.104,#9b9990,0.019
B2AF1B46-57CE-418A-8EDA-69071A50A36F.JPG,sky,photo,media/sky/B2AF1B46-57CE-418A-8EDA-69071A50A36F.JPG,thumbnails/B2AF1B46-57CE-418A-8EDA-69071A50A36F.jpg,2026:08:24 12:36:29,#816c5c,0.214,25.9,#0c0d07,0.351,#6d6461,0.261,#816c5c,0.214,#997053,0.082,#1f1d16,0.066,#463d33,0.026
C1D2F0D6-45B6-4F2E-B682-7AC7150584AE.JPG,sky,photo,media/sky/C1D2F0D6-45B6-4F2E-B682-7AC7150584AE.JPG,thumbnails/C1D2F0D6-45B6-4F2E-B682-7AC7150584AE.jpg,2026:08:24 12:36:30,#a17054,0.098,21.8,#040402,0.322,#675c5a,0.168,#50494a,0.165,#846d63,0.159,#a17054,0.098,#15120f,0.089
C6844CD6-B37B-4E63-A5A3-40D67ECF4853.JPG,sky,photo,media/sky/C6844CD6-B37B-4E63-A5A3-40D67ECF4853.JPG,thumbnails/C6844CD6-B37B-4E63-A5A3-40D67ECF4853.jpg,2026:08:24 12:36:28,#0f1c4b,0.317,227.0,#0f1c4b,0.317,#1f306f,0.237,#0d0819,0.18,#3b4fa1,0.157,#d0bbbe,0.062,#8e79ad,0.046
E6B530DC-A333-4D15-8D68-EA7F86D9E04D.JPG,sky,photo,media/sky/E6B530DC-A333-4D15-8D68-EA7F86D9E04D.JPG,thumbnails/E6B530DC-A333-4D15-8D68-EA7F86D9E04D.jpg,2026:08:24 12:36:32,#7998b2,0.287,207.4,#7998b2,0.287,#192118,0.251,#93adc3,0.189,#c3bdb6,0.159,#4f534c,0.064,#e4ba94,0.05
EE1E3C05-C89B-455E-807A-1F6B297B0649.JPG,sky,photo,media/sky/EE1E3C05-C89B-455E-807A-1F6B297B0649.JPG,thumbnails/EE1E3C05-C89B-455E-807A-1F6B297B0649.jpg,2026:08:24 12:36:27,#5d6774,0.281,213.9,#5d6774,0.281,#6e7782,0.245,#4a5565,0.148,#2e2922,0.126,#333e4b,0.105,#10100a,0.094
EE67C0B7-7B70-41B6-84B8-12EDFF8064D4.JPG,sky,photo,media/sky/EE67C0B7-7B70-41B6-84B8-12EDFF8064D4.JPG,thumbnails/EE67C0B7-7B70-41B6-84B8-12EDFF8064D4.jpg,2026:08:24 12:36:42,#442913,0.22,26.9,#9e9ca1,0.257,#190f04,0.253,#442913,0.22,#ab907d,0.18,#dfa25c,0.048,#9d632c,0.043
F14356ED-83F5-4F6D-8F68-8A9939CE8210.JPG,sky,photo,media/sky/F14356ED-83F5-4F6D-8F68-8A9939CE8210.JPG,thumbnails/F14356ED-83F5-4F6D-8F68-8A9939CE8210.jpg,2026:08:24 12:36:41,#b7aba7,0.231,15.0,#10120d,0.267,#b7aba7,0.231,#c4c8c6,0.177,#9f938f,0.154,#393833,0.097,#69655f,0.075
FE3C0A19-8E95-439A-9BEF-EA12563A0725.JPG,sky,photo,media/sky/FE3C0A19-8E95-439A-9BEF-EA12563A0725.JPG,thumbnails/FE3C0A19-8E95-439A-9BEF-EA12563A0725.jpg,2026:08:24 12:36:38,#8c94bd,0.169,230.2,#080a0a,0.272,#6f7393,0.176,#8c94bd,0.169,#b68797,0.165,#d1b1c4,0.123,#424453,0.096
IMG-20170327-WA0003.jpg,sky,photo,media/sky/IMG-20170327-WA0003.jpg,thumbnails/IMG-20170327-WA0003.jpg,2026:08:24 12:36:24,#95c7da,0.255,196.5,#95c7da,0.255,#191821,0.254,#e1a389,0.136,#71a5bb,0.126,#bc6c72,0.116,#7a637e,0.114
IMG-20170614-WA0020.jpg,sky,photo,media/sky/IMG-20170614-WA0020.jpg,thumbnails/IMG-20170614-WA0020.jpg,2026:08:24 12:36:25,#1c517e,0.12,207.6,#110e10,0.292,#92a0aa,0.164,#5e7991,0.152,#c9cccc,0.145,#3d4144,0.126,#1c517e,0.12
IMG-20170704-WA0019.jpg,sky,photo,media/sky/IMG-20170704-WA0019.jpg,thumbnails/IMG-20170704-WA0019.jpg,2026:08:24 12:36:25,#c998a6,0.189,342.9,#778495,0.205,#9f9cac,0.192,#170f14,0.191,#c998a6,0.189,#4b6c82,0.134,#57424a,0.089
IMG_1471.HEIC,sky,photo,media/sky/IMG_1471.HEIC,thumbnails/IMG_1471.jpg,2024:12:23 18:35:06,#d28c5c,0.128,24.4,#080707,0.382,#2b2321,0.143,#413f4a,0.137,#d28c5c,0.128,#695c5e,0.11,#9d7e74,0.1
060D668D-F1F3-413D-B204-353A98180C58.JPG,mountain,photo,media/mountain/060D668D-F1F3-413D-B204-353A98180C58.JPG,thumbnails/060D668D-F1F3-413D-B204-353A98180C58.jpg,2026:08:24 11:48:19,#835b40,0.143,24.2,#38332c,0.233,#939eb5,0.224,#7b8395,0.154,#835b40,0.143,#5f697d,0.13,#b2bdd1,0.116
1134C52F-E4FB-4DE0-9485-DF46BD342CD7.JPG,mountain,photo,media/mountain/1134C52F-E4FB-4DE0-9485-DF46BD342CD7.JPG,thumbnails/1134C52F-E4FB-4DE0-9485-DF46BD342CD7.jpg,2026:08:24 11:48:19,#838b9c,0.257,220.8,#737584,0.326,#838b9c,0.257,#696261,0.174,#a7b6bc,0.112,#404134,0.088,#e8ebd3,0.043
4EE54C2A-BC62-470C-A9FD-146797ADE3D3.JPG,mountain,photo,media/mountain/4EE54C2A-BC62-470C-A9FD-146797ADE3D3.JPG,thumbnails/4EE54C2A-BC62-470C-A9FD-146797ADE3D3.jpg,2026:08:24 11:48:09,#4f6687,0.328,215.4,#4f6687,0.328,#2c3828,0.246,#5f7aa0,0.151,#142110,0.127,#4c4e3f,0.105,#83858a,0.043
6883EB61-8BB7-46E3-BA57-718398597586.MP4,mountain,video,media/mountain/6883EB61-8BB7-46E3-BA57-718398597586.MP4,thumbnails/6883EB61-8BB7-46E3-BA57-718398597586.jpg,2026:08:24 11:48:18,#4e6b92,0.257,214.4,#4e6b92,0.257,#365176,0.209,#6d88a8,0.195,#91a7bf,0.182,#bccbda,0.097,#212a35,0.06
944F1498-D70C-4D4E-803E-902E17B05AEF.JPG,mountain,photo,media/mountain/944F1498-D70C-4D4E-803E-902E17B05AEF.JPG,thumbnails/944F1498-D70C-4D4E-803E-902E17B05AEF.jpg,2019:08:10 19:23:36,#9ebed6,0.187,205.7,#bdcbd7,0.283,#0e1c17,0.243,#9ebed6,0.187,#1e373f,0.137,#ddd8d5,0.116,#4a606a,0.033
9CB81102-50FE-4544-9B98-236B0A1B5834.JPG,mountain,photo,media/mountain/9CB81102-50FE-4544-9B98-236B0A1B5834.JPG,thumbnails/9CB81102-50FE-4544-9B98-236B0A1B5834.jpg,2026:08:24 11:48:18,#828ca1,0.224,220.6,#373833,0.236,#828ca1,0.224,#191813,0.221,#a5aebe,0.147,#6d564c,0.087,#cdd3dc,0.084
C20D59F8-8CED-4C9B-8D01-0E58E150D5AA.JPG,mountain,photo,media/mountain/C20D59F8-8CED-4C9B-8D01-0E58E150D5AA.JPG,thumbnails/C20D59F8-8CED-4C9B-8D01-0E58E150D5AA.jpg,2026:08:24 11:48:10,#51668b,0.23,218.3,#091012,0.29,#51668b,0.23,#687997,0.226,#272e32,0.108,#8092aa,0.096,#a59e99,0.051
D51D4CC9-097B-41A9-8B60-EE40A21D9956.JPG,mountain,photo,media/mountain/D51D4CC9-097B-41A9-8B60-EE40A21D9956.JPG,thumbnails/D51D4CC9-097B-41A9-8B60-EE40A21D9956.jpg,2026:08:24 11:48:11,#625d54,0.273,38.6,#514c44,0.293,#625d54,0.273,#3e3b2e,0.147,#70706f,0.142,#1e1e10,0.139,#d2d3d7,0.007
DC9C8440-ABF2-4412-A7F3-EEE2533D76A8.JPG,mountain,photo,media/mountain/DC9C8440-ABF2-4412-A7F3-EEE2533D76A8.JPG,thumbnails/DC9C8440-ABF2-4412-A7F3-EEE2533D76A8.jpg,2026:08:24 11:48:15,#263a45,0.286,201.3,#263a45,0.286,#7d88a6,0.195,#9ea8bc,0.163,#101e22,0.145,#c5c8cd,0.133,#435c64,0.077
FA85CE9C-CB12-42D9-B0FB-A40A73EE7BF7.JPG,mountain,photo,media/mountain/FA85CE9C-CB12-42D9-B0FB-A40A73EE7BF7.JPG,thumbnails/FA85CE9C-CB12-42D9-B0FB-A40A73EE7BF7.jpg,2026:08:24 11:48:12,#080703,0.691,48.0,#080703,0.691,#181b12,0.142,#80858c,0.08,#35372f,0.05,#575955,0.028,#aea278,0.01
IMG-20170508-WA0026.jpg,mountain,photo,media/mountain/IMG-20170508-WA0026.jpg,thumbnails/IMG-20170508-WA0026.jpg,2026:08:24 11:48:05,#080710,0.484,246.7,#080710,0.484,#1f2437,0.153,#d2c8c0,0.106,#989eb0,0.097,#444b5f,0.085,#697793,0.074
IMG-20181215-WA0034.jpg,mountain,photo,media/mountain/IMG-20181215-WA0034.jpg,thumbnails/IMG-20181215-WA0034.jpg,2026:08:24 11:48:06,#2f5855,0.138,175.6,#141a18,0.307,#27342f,0.211,#c8d8e7,0.142,#2f5855,0.138,#5e7c87,0.132,#93a0ab,0.07
0A364509-F550-4D28-94DC-29136F6C26D3.JPG,water,photo,media/water/0A364509-F550-4D28-94DC-29136F6C26D3.JPG,thumbnails/0A364509-F550-4D28-94DC-29136F6C26D3.jpg,2026:08:24 11:53:38,#a8b8d1,0.292,216.6,#a8b8d1,0.292,#becbdf,0.232,#8c98a4,0.202,#6b757a,0.101,#38413b,0.096,#131a16,0.076
0AA40E50-F7CA-439F-9E09-5DAC37C3AE3D.JPG,water,photo,media/water/0AA40E50-F7CA-439F-9E09-5DAC37C3AE3D.JPG,thumbnails/0AA40E50-F7CA-439F-9E09-5DAC37C3AE3D.jpg,2026:08:24 11:53:38,#9bb0d3,0.306,217.5,#9bb0d3,0.306,#aebfda,0.279,#8ea7c5,0.207,#7e7f7c,0.123,#4f585e,0.05,#1d2023,0.036
1D046701-887A-49B4-96A6-64745BE6E5F9.JPG,water,photo,media/water/1D046701-887A-49B4-96A6-64745BE6E5F9.JPG,thumbnails/1D046701-887A-49B4-96A6-64745BE6E5F9.jpg,2026:08:24 11:53:38,#5486d5,0.178,216.7,#7a6a52,0.291,#a18e74,0.232,#5486d5,0.178,#7a8aa0,0.135,#adc4de,0.1,#2f3330,0.063
2E62733E-2F6C-4128-8D47-CE5D94EEAA75.JPG,water,photo,media/water/2E62733E-2F6C-4128-8D47-CE5D94EEAA75.JPG,thumbnails/2E62733E-2F6C-4128-8D47-CE5D94EEAA75.jpg,2026:08:24 11:53:38,#9eb5d7,0.339,215.8,#9eb5d7,0.339,#8fa0b9,0.239,#565830,0.143,#65737f,0.125,#303319,0.1,#928740,0.054
3895DD26-AE21-4AC7-B6C8-432CE6B27752.MP4,water,video,media/water/3895DD26-AE21-4AC7-B6C8-432CE6B27752.MP4,thumbnails/3895DD26-AE21-4AC7-B6C8-432CE6B27752.jpg,2026:08:24 11:53:29,#97a6ba,0.228,214.3,#97a6ba,0.228,#7f8ca2,0.225,#68778c,0.196,#4b5769,0.181,#374351,0.133,#121826,0.037
39C6F5AD-02D9-424A-894D-27B7A828BF3B.JPG,water,photo,media/water/39C6F5AD-02D9-424A-894D-27B7A828BF3B.JPG,thumbnails/39C6F5AD-02D9-424A-894D-27B7A828BF3B.jpg,2026:08:24 11:53:40,#7ba5da,0.234,213.5,#7ba5da,0.234,#1f291a,0.191,#9cc2e6,0.182,#445456,0.149,#6a8295,0.125,#c7e1f1,0.119
3CADDA48-A873-4254-B700-5B6C5EC125F5.JPG,water,photo,media/water/3CADDA48-A873-4254-B700-5B6C5EC125F5.JPG,thumbnails/3CADDA48-A873-4254-B700-5B6C5EC125F5.jpg,2026:08:24 11:53:38,#a1c5ee,0.259,211.9,#a1c5ee,0.259,#283430,0.175,#c6d2df,0.15,#47565a,0.14,#97a8b6,0.139,#6d808c,0.138
5E611FC4-E509-4A23-A329-3781163D4C2A.MP4,water,video,media/water/5E611FC4-E509-4A23-A329-3781163D4C2A.MP4,thumbnails/5E611FC4-E509-4A23-A329-3781163D4C2A.jpg,2026:08:24 11:53:39,#7b89ae,0.34,223.5,#7b89ae,0.34,#939fbf,0.236,#323645,0.151,#b8c2d8,0.132,#535e7d,0.111,#8c7653,0.031
6783E213-1306-4648-89F5-4A570CA57456.JPG,water,photo,media/water/6783E213-1306-4648-89F5-4A570CA57456.JPG,thumbnails/6783E213-1306-4648-89F5-4A570CA57456.jpg,2026:08:24 11:53:38,#afc6e5,0.353,214.4,#afc6e5,0.353,#96a9bf,0.207,#2f4526,0.124,#7c8ca0,0.123,#11220e,0.113,#4f614c,0.08
68A564DC-245E-4080-A642-8A731D77C808.MP4,water,video,media/water/68A564DC-245E-4080-A642-8A731D77C808.MP4,thumbnails/68A564DC-245E-4080-A642-8A731D77C808.jpg,2026:08:24 11:53:38,#1c1a17,0.347,36.0,#1c1a17,0.347,#080706,0.341,#35332c,0.157,#5c5749,0.083,#8b846e,0.054,#c7c4b7,0.017
6DC8A21F-5978-4B87-9671-B135161E1D76.MP4,water,video,media/water/6DC8A21F-5978-4B87-9671-B135161E1D76.MP4,thumbnails/6DC8A21F-5978-4B87-9671-B135161E1D76.jpg,2026:08:24 11:53:37,#4173bb,0.363,215.4,#4173bb,0.363,#38627e,0.22,#6197d7,0.147,#1a4346,0.13,#9dc5e5,0.104,#6f6966,0.036
7d80b08b-64f8-4fad-9a78-be098b34304c.jpg,water,photo,media/water/7d80b08b-64f8-4fad-9a78-be098b34304c.jpg,thumbnails/7d80b08b-64f8-4fad-9a78-be098b34304c.jpg,2026:08:24 11:53:35,#d7d4cf,0.221,37.5,#c3c2be,0.274,#d7d4cf,0.221,#4b4a49,0.185,#949390,0.137,#6a6b6b,0.109,#222123,0.073
A8082F79-A05A-4DF0-878C-4C31E12FA6B0.JPG,water,photo,media/water/A8082F79-A05A-4DF0-878C-4C31E12FA6B0.JPG,thumbnails/A8082F79-A05A-4DF0-878C-4C31E12FA6B0.jpg,2026:08:24 11:53:38,#d8ba96,0.185,32.7,#575962,0.207,#d8ba96,0.185,#687791,0.184,#9ba0a8,0.174,#938574,0.169,#322f2d,0.082
BC0BE485-F1E0-4019-8407-BFA0F960BC28.JPG,water,photo,media/water/BC0BE485-F1E0-4019-8407-BFA0F960BC28.JPG,thumbnails/BC0BE485-F1E0-4019-8407-BFA0F960BC28.jpg,2026:08:24 11:53:38,#725b46,0.166,28.6,#384b52,0.254,#d8d1c2,0.228,#725b46,0.166,#566880,0.148,#84898b,0.105,#b0aca2,0.099
C39CB9DD-4ED2-4819-9D88-B5C832BA4FCE.JPG,water,photo,media/water/C39CB9DD-4ED2-4819-9D88-B5C832BA4FCE.JPG,thumbnails/C39CB9DD-4ED2-4819-9D88-B5C832BA4FCE.jpg,2026:08:24 11:53:38,#728aad,0.241,215.6,#5b728f,0.255,#728aad,0.241,#93a9c7,0.143,#bacadb,0.137,#425671,0.135,#2a3c56,0.09
C6B5C3C1-D3AA-44FB-BD67-C913488A441A.MP4,water,video,media/water/C6B5C3C1-D3AA-44FB-BD67-C913488A441A.MP4,thumbnails/C6B5C3C1-D3AA-44FB-BD67-C913488A441A.jpg,2026:08:24 11:53:38,#567399,0.247,214.0,#567399,0.247,#879db2,0.196,#7d7d7f,0.163,#515b67,0.159,#222e3a,0.121,#b4b6b3,0.114
E0B3CEB5-2C7B-4BD1-8172-A5B91A93249A.JPG,water,photo,media/water/E0B3CEB5-2C7B-4BD1-8172-A5B91A93249A.JPG,thumbnails/E0B3CEB5-2C7B-4BD1-8172-A5B91A93249A.jpg,2026:08:24 11:53:38,#7995ca,0.195,219.3,#7995ca,0.195,#5f7794,0.175,#40566b,0.166,#1e354d,0.162,#c4d3e4,0.16,#9ab6e3,0.142
E41A4506-79E8-4D22-8D77-F3F0D572370F.MP4,water,video,media/water/E41A4506-79E8-4D22-8D77-F3F0D572370F.MP4,thumbnails/E41A4506-79E8-4D22-8D77-F3F0D572370F.jpg,2026:08:24 11:53:34,#615653,0.198,12.9,#615653,0.198,#cad1d7,0.196,#3d3931,0.179,#1e1e16,0.164,#857e7a,0.151,#aaa7a7,0.112
F23680FC-286F-4215-A921-9D3D044778AB.JPG,water,photo,media/water/F23680FC-286F-4215-A921-9D3D044778AB.JPG,thumbnails/F23680FC-286F-4215-A921-9D3D044778AB.jpg,2026:08:24 11:53:35,#7c94a5,0.257,204.9,#7c94a5,0.257,#4e453b,0.18,#6d8696,0.175,#9babb8,0.154,#596873,0.136,#49535c,0.098
F994F69A-6309-4F40-A412-B6CC5F3BA047.MP4,water,video,media/water/F994F69A-6309-4F40-A412-B6CC5F3BA047.MP4,thumbnails/F994F69A-6309-4F40-A412-B6CC5F3BA047.jpg,2026:08:24 11:53:39,#babec8,0.298,222.9,#babec8,0.298,#a5a8b1,0.209,#6d6769,0.146,#cfd3dc,0.143,#8b8a8f,0.122,#4e4a4f,0.081
F9E310C5-F67E-4F7F-B662-5EB1D44AF6BC.JPG,water,photo,media/water/F9E310C5-F67E-4F7F-B662-5EB1D44AF6BC.JPG,thumbnails/F9E310C5-F67E-4F7F-B662-5EB1D44AF6BC.jpg,2026:08:24 11:53:36,#c3cfe3,0.185,217.5,#696963,0.199,#9faabb,0.199,#c3cfe3,0.185,#7f8894,0.14,#454c4f,0.139,#172734,0.138
IMG_3406.PNG,water,photo,media/water/IMG_3406.PNG,thumbnails/IMG_3406.jpg,2026:08:24 11:53:39,#4a87d3,0.311,213.3,#4a87d3,0.311,#81add5,0.2,#0d1c1a,0.158,#677f93,0.145,#29485f,0.12,#cbc6c2,0.065
831E2173-1CFB-47F4-9B56-F1FE12B5832F.JPG,forest,photo,media/forest/831E2173-1CFB-47F4-9B56-F1FE12B5832F.JPG,thumbnails/831E2173-1CFB-47F4-9B56-F1FE12B5832F.jpg,2026:08:24 12:30:24,#b09882,0.308,28.7,#b09882,0.308,#242815,0.231,#403d2a,0.191,#706556,0.119,#e5a672,0.076,#b9b4ab,0.075
99C96967-B74E-43C1-9293-4B479CBD3742.JPG,forest,photo,media/forest/99C96967-B74E-43C1-9293-4B479CBD3742.JPG,thumbnails/99C96967-B74E-43C1-9293-4B479CBD3742.jpg,2026:08:24 12:30:38,#656e4b,0.252,75.4,#454d31,0.254,#656e4b,0.252,#858f6a,0.2,#24291a,0.18,#a8b09f,0.079,#ebebee,0.036
A6A39803-92B1-4731-9B2A-E11B254317E8.JPG,forest,photo,media/forest/A6A39803-92B1-4731-9B2A-E11B254317E8.JPG,thumbnails/A6A39803-92B1-4731-9B2A-E11B254317E8.jpg,2026:08:24 12:30:39,#4b77d9,0.236,221.4,#4b77d9,0.236,#806248,0.173,#1f1b10,0.169,#4b4334,0.158,#b67b5b,0.136,#857b8e,0.129
"Auroville, India.JPG",forest,photo,"media/forest/Auroville, India.JPG","thumbnails/Auroville, India.jpg",2026:08:24 12:30:36,#2d2b22,0.3,49.1,#2d2b22,0.3,#10100a,0.29,#4a483c,0.172,#716e62,0.115,#a09c90,0.083,#cbc9c5,0.039
B423FDEE-5329-49AC-B5B5-0AC37F7D896F.MP4,forest,video,media/forest/B423FDEE-5329-49AC-B5B5-0AC37F7D896F.MP4,thumbnails/B423FDEE-5329-49AC-B5B5-0AC37F7D896F.jpg,2026:08:24 12:30:33,#2e4120,0.237,94.5,#2e4120,0.237,#131f0d,0.222,#4d653d,0.188,#6e895d,0.162,#88a39e,0.102,#accdea,0.088
B4EC70FC-458E-46FB-98BD-0E1BE812A6CE.JPG,forest,photo,media/forest/B4EC70FC-458E-46FB-98BD-0E1BE812A6CE.JPG,thumbnails/B4EC70FC-458E-46FB-98BD-0E1BE812A6CE.jpg,2026:08:24 12:30:38,#202111,0.343,63.8,#202111,0.343,#101208,0.294,#30321b,0.224,#434729,0.101,#606542,0.033,#ada9a8,0.005
"Boston, MA.JPG",forest,photo,"media/forest/Boston, MA.JPG","thumbnails/Boston, MA.jpg",2026:08:24 12:30:39,#ab8752,0.143,35.7,#504d42,0.351,#766a4f,0.24,#322f19,0.15,#ab8752,0.143,#868b8b,0.08,#b6c4d3,0.037
C0E3371B-5656-47AC-8E12-622CE5949730.MP4,forest,video,media/forest/C0E3371B-5656-47AC-8E12-622CE5949730.MP4,thumbnails/C0E3371B-5656-47AC-8E12-622CE5949730.jpg,2026:08:24 12:30:28,#50503b,0.263,60.0,#50503b,0.263,#6d6b58,0.233,#918474,0.174,#302822,0.154,#ada89d,0.115,#e3dfdb,0.061
C7E64DC9-B7EA-42F7-92BC-155392950E41.JPG,forest,photo,media/forest/C7E64DC9-B7EA-42F7-92BC-155392950E41.JPG,thumbnails/C7E64DC9-B7EA-42F7-92BC-155392950E41.jpg,2026:08:24 12:30:23,#97a1ab,0.257,210.0,#161d0d,0.28,#8d9194,0.275,#97a1ab,0.257,#797c7c,0.116,#c09886,0.038,#464a44,0.034
CFC9C3E9-EAB0-4175-B136-D5EB59D08FAF.MP4,forest,video,media/forest/CFC9C3E9-EAB0-4175-B136-D5EB59D08FAF.MP4,thumbnails/CFC9C3E9-EAB0-4175-B136-D5EB59D08FAF.jpg,2026:08:24 12:30:38,#837638,0.207,49.6,#333516,0.272,#595629,0.267,#837638,0.207,#b69852,0.117,#9fbbe3,0.07,#7e8888,0.067
"Dharamkot, India.JPG",forest,photo,"media/forest/Dharamkot, India.JPG","thumbnails/Dharamkot, India.jpg",2026:08:24 12:30:21,#56604a,0.202,87.3,#394335,0.271,#1a2325,0.252,#56604a,0.202,#7d796b,0.124,#f1f2f3,0.086,#a59f99,0.064
EEB6BCDA-26D1-4547-9A4E-CE5DA4EACEB1.JPG,forest,photo,media/forest/EEB6BCDA-26D1-4547-9A4E-CE5DA4EACEB1.JPG,thumbnails/EEB6BCDA-26D1-4547-9A4E-CE5DA4EACEB1.jpg,2026:08:24 12:30:38,#3f3720,0.185,44.5,#0b0a05,0.314,#232012,0.293,#3f3720,0.185,#5a523f,0.101,#817867,0.069,#b9ab90,0.038
F6C3F480-62B7-4A3B-8981-B32B2E05C972.JPG,forest,photo,media/forest/F6C3F480-62B7-4A3B-8981-B32B2E05C972.JPG,thumbnails/F6C3F480-62B7-4A3B-8981-B32B2E05C972.jpg,2026:08:24 12:30:34,#597cd7,0.148,223.3,#0b0c09,0.317,#22231c,0.216,#4b3a34,0.164,#597cd7,0.148,#83a1eb,0.078,#72564f,0.076
IMG-20161210-WA0011.jpg,forest,photo,media/forest/IMG-20161210-WA0011.jpg,thumbnails/IMG-20161210-WA0011.jpg,2026:08:24 12:30:17,#8c6639,0.071,32.5,#060306,0.627,#342923,0.141,#b59d7f,0.074,#8c6639,0.071,#56596b,0.047,#e2d8d4,0.039
IMG-20170508-WA0024.jpg,forest,photo,media/forest/IMG-20170508-WA0024.jpg,thumbnails/IMG-20170508-WA0024.jpg,2026:08:24 12:30:17,#957655,0.108,30.9,#07060b,0.522,#2b272e,0.187,#957655,0.108,#425473,0.072,#614a3c,0.071,#d6a766,0.04
IMG-20180704-WA0008.jpg,forest,photo,media/forest/IMG-20180704-WA0008.jpg,thumbnails/IMG-20180704-WA0008.jpg,2026:08:24 12:30:18,#0f0f0f,0.204,0.0,#0f0f0f,0.204,#313131,0.193,#515151,0.177,#727272,0.162,#c2c2c2,0.138,#979797,0.126
IMG-20180718-WA0009.jpg,forest,photo,media/forest/IMG-20180718-WA0009.jpg,thumbnails/IMG-20180718-WA0009.jpg,2026:08:24 12:30:18,#060609,0.732,240.0,#060609,0.732,#191b1f,0.089,#353739,0.056,#6f7676,0.051,#535656,0.047,#91897e,0.025
IMG_20180927_071345.jpg,forest,photo,media/forest/IMG_20180927_071345.jpg,thumbnails/IMG_20180927_071345.jpg,2018:09:27 07:13:46,#2d3633,0.294,160.0,#2d3633,0.294,#474d47,0.21,#6a6763,0.147,#191d1d,0.13,#b5b8c2,0.127,#918b89,0.093
IMG_3642.HEIC,forest,photo,media/forest/IMG_3642.HEIC,thumbnails/IMG_3642.jpg,2023:03:21 09:02:11,#5f6548,0.214,72.4,#404530,0.283,#242919,0.23,#5f6548,0.214,#878a67,0.141,#babc8c,0.098,#cfe1e3,0.034
IMG_7793.PNG,forest,photo,media/forest/IMG_7793.PNG,thumbnails/IMG_7793.jpg,2026:08:24 15:13:15,#364222,0.293,82.5,#364222,0.293,#1e2b15,0.246,#545e3c,0.154,#98acc8,0.122,#d6e0eb,0.114,#778475,0.071
"Jamaica Pond, MA.JPG",forest,photo,"media/forest/Jamaica Pond, MA.JPG","thumbnails/Jamaica Pond, MA.jpg",2026:08:24 12:30:39,#9ec1ec,0.166,213.1,#35443e,0.203,#91a2ad,0.187,#142017,0.184,#9ec1ec,0.166,#cdd5dd,0.151,#637376,0.109
